order_id,user_id,order_date,total_amount
1,486,2025-07-03 16:49:02.832414,199.96
2,475,2025-09-15 22:27:06.132427,26.73
3,364,2025-04-13 00:53:33.422428,45.37
4,305,2025-11-11 14:20:43.777197,277.89
5,68,2025-03-15 09:04:16.308313,153.77
6,234,2025-09-03 11:24:24.596851,230.24
7,30,2025-06-06 05:30:13.982246,123.65
8,468,2025-05-20 18:24:19.950663,37.76
9,14,2025-11-10 11:39:39.600673,190.89
10,4,2025-07-28 08:32:54.506302,291.93
11,452,2025-06-19 03:50:59.161477,99.8
12,80,2025-09-23 15:54:21.483809,161.47
13,361,2025-02-02 21:00:14.017783,122.84
14,268,2025-10-13 14:32:50.782850,95.45
15,434,2025-07-17 03:12:39.123619,101.88
16,97,2025-01-18 23:37:44.077032,153.42
17,94,2025-04-23 01:57:20.011426,283.31
18,485,2025-08-30 09:50:45.519705,76.82
19,162,2025-03-12 23:19:04.024503,124.02
20,79,2025-11-30 11:28:43.448623,76.27
21,486,2025-10-29 04:22:25.483879,282.8
22,310,2025-07-01 09:41:17.202435,238.79
23,317,2025-01-25 06:32:05.093348,140.49
24,153,2025-12-03 17:23:02.219420,121.19
25,347,2025-01-09 14:15:50.559882,52.19
26,40,2025-06-08 07:14:26.783938,172.16
27,63,2025-03-05 20:08:31.357937,236.92
28,261,2025-02-07 20:16:29.631763,163.8
29,199,2025-02-22 21:46:33.196225,150.56
30,368,2025-01-03 03:31:32.997442,109.94
31,331,2025-08-24 18:41:04.739558,235.98
32,445,2025-07-17 07:01:14.026958,62.09
33,25,2025-06-26 01:37:32.407503,235.2
34,74,2025-11-08 02:48:19.982364,156.43
35,373,2025-05-08 20:25:59.544947,69.62
36,245,2025-01-22 11:32:49.556295,77.55
37,187,2025-03-12 03:29:23.367808,268.62
38,469,2025-05-03 11:10:08.847114,70.93
39,317,2025-11-01 06:14:15.033799,54.37
40,415,2025-02-16 07:35:41.620112,82.5
41,477,2025-01-21 20:35:48.897807,155.58
42,203,2025-11-06 10:16:31.219999,24.85
43,242,2025-11-25 21:18:15.663011,99.62
44,236,2025-08-18 12:45:25.281801,242.63
45,5,2025-02-08 06:41:38.433118,137.72
46,423,2025-03-12 17:29:33.733932,135.8
47,397,2025-01-18 20:17:50.324571,273.0
48,473,2025-03-16 06:08:06.350526,94.85
49,86,2025-09-01 06:53:02.875123,146.52
50,234,2025-07-13 23:33:15.731480,266.88
51,262,2025-05-29 09:35:25.304812,275.94
52,63,2025-09-21 09:41:33.636348,27.9
53,295,2025-09-12 20:33:52.502382,137.35
54,37,2025-01-11 06:52:12.277098,242.57
55,424,2025-08-31 04:05:26.181594,273.17
56,251,2025-12-04 16:41:42.382115,125.95
57,39,2025-03-25 07:45:01.419362,114.79
58,488,2025-02-18 15:50:32.469964,23.5
59,119,2025-04-29 10:50:27.977049,171.3
60,332,2025-05-10 11:54:58.030462,33.5
61,69,2025-06-20 16:37:58.716782,56.74
62,181,2025-07-22 20:01:30.492372,71.88
63,197,2025-05-03 06:07:29.211859,93.22
64,324,2025-05-16 16:33:21.220755,23.19
65,28,2025-01-03 12:36:20.570486,257.27
66,311,2025-06-20 07:05:12.428113,57.56
67,443,2025-05-08 21:02:03.259953,201.96
68,497,2025-06-10 08:39:00.721551,211.09
69,275,2025-02-03 16:52:52.067259,135.98
70,417,2025-07-15 09:24:29.362916,43.35
71,254,2025-03-07 13:31:35.069611,22.67
72,205,2025-06-13 09:57:38.927219,83.4
73,39,2025-11-29 05:14:30.986166,147.28
74,269,2025-06-30 12:29:23.394393,42.72
75,446,2025-07-03 15:08:45.353572,287.37
76,107,2025-04-06 02:42:04.993233,104.82
77,283,2025-05-25 02:35:33.745735,163.64
78,407,2025-09-17 11:58:31.961185,44.38
79,396,2025-04-13 09:04:11.418690,163.1
80,15,2025-12-08 03:33:56.561420,92.78
81,454,2025-06-19 14:37:39.969996,48.85
82,465,2025-08-13 12:52:24.107127,34.42
83,477,2025-08-13 15:58:15.694212,43.48
84,459,2025-03-07 21:18:39.567516,128.04
85,376,2025-08-10 22:43:21.476454,169.48
86,234,2025-11-04 21:06:28.936821,127.52
87,172,2025-07-12 22:54:38.186279,111.98
88,140,2025-11-07 12:48:32.244068,130.02
89,371,2025-07-20 15:54:21.135845,266.16
90,287,2025-03-25 10:06:02.375349,109.22
91,432,2025-05-05 14:45:57.406317,234.19
92,191,2025-08-02 07:48:05.210527,253.11
93,173,2025-04-24 14:33:07.590811,33.8
94,458,2025-04-10 16:38:58.998880,34.52
95,319,2025-04-16 13:19:37.495943,175.03
96,319,2025-12-08 22:17:22.882151,199.39
97,447,2025-12-05 07:19:57.959306,32.08
98,324,2025-06-25 15:41:15.061063,187.94
99,437,2025-06-23 23:06:06.794076,24.57
100,67,2025-10-15 11:43:08.933916,183.3
101,310,2025-04-10 06:39:05.751495,264.55
102,89,2025-04-19 13:05:00.140754,179.06
103,274,2025-04-09 01:51:03.267684,282.42
104,247,2025-12-05 14:24:14.307770,226.26
105,154,2025-01-30 20:27:39.127071,195.72
106,369,2025-09-08 15:21:14.107195,206.86
107,462,2025-04-16 18:01:16.715631,167.62
108,489,2025-10-19 09:10:24.126420,76.66
109,90,2025-07-07 18:18:00.466258,82.41
110,470,2025-05-25 19:44:23.085144,89.55
111,175,2025-09-11 12:45:53.818856,171.51
112,215,2025-12-07 05:27:25.044947,46.1
113,473,2025-07-21 16:16:57.677362,159.49
114,409,2025-06-20 17:56:00.427323,163.72
115,318,2025-03-21 04:46:17.471084,127.3
116,114,2025-06-24 07:07:52.836510,150.34
117,298,2025-01-30 06:45:27.660678,69.29
118,268,2025-03-08 02:38:34.655398,130.12
119,237,2025-09-17 11:29:39.774733,239.37
120,230,2025-04-08 20:37:38.361270,129.67
121,78,2025-01-26 07:16:04.546966,178.88
122,358,2025-08-12 11:26:43.242304,109.44
123,163,2025-04-25 09:56:44.070567,159.4
124,415,2025-12-08 03:48:53.985583,157.41
125,280,2025-04-14 19:23:33.008365,77.17
126,142,2025-02-24 18:43:09.630098,222.73
127,244,2025-04-05 01:17:04.176171,89.37
128,5,2025-08-27 00:58:26.826317,256.4
129,475,2025-03-04 04:09:05.445496,45.92
130,434,2025-01-08 14:11:54.534579,224.73
131,227,2025-05-27 15:31:22.923465,281.03
132,241,2025-09-16 11:33:10.189139,29.36
133,495,2025-07-14 03:51:35.466216,161.24
134,179,2025-01-26 18:38:48.324759,34.81
135,151,2025-10-17 22:16:27.699082,172.17
136,309,2025-10-10 20:21:22.933993,263.74
137,216,2025-01-02 00:54:57.834181,286.25
138,177,2025-03-15 21:25:42.508510,180.34
139,378,2025-09-17 00:40:19.782617,284.27
140,326,2025-03-06 19:06:05.208548,22.66
141,373,2025-11-27 15:36:52.661827,66.71
142,420,2025-07-09 21:26:18.484304,296.06
143,85,2025-01-23 22:50:03.058270,47.19
144,240,2025-02-27 04:05:14.329659,293.54
145,366,2025-10-12 08:59:02.551935,170.01
146,102,2025-09-18 08:39:23.477190,160.23
147,363,2025-09-20 01:32:09.281562,123.33
148,241,2025-02-14 03:08:49.672136,196.69
149,19,2025-01-02 10:58:29.890154,260.71
150,407,2025-04-27 21:30:00.035278,150.66
151,314,2025-05-30 12:36:47.964734,182.18
152,293,2025-01-25 04:35:15.370878,224.25
153,73,2025-05-20 10:41:04.355079,191.66
154,358,2025-11-24 10:32:54.789715,168.04
155,389,2025-09-09 07:12:06.896689,30.57
156,282,2025-03-14 21:03:04.089195,111.83
157,226,2025-06-25 20:58:37.637554,258.26
158,244,2025-02-04 02:48:06.721696,260.81
159,392,2025-03-23 03:48:31.658615,239.41
160,33,2025-03-01 13:42:15.652413,179.17
161,401,2025-03-22 22:51:13.054228,39.7
162,128,2025-01-03 21:34:46.112354,178.13
163,74,2025-03-22 11:08:53.932116,133.86
164,285,2025-03-13 07:02:12.184867,104.35
165,176,2025-07-18 08:35:14.918233,228.31
166,117,2025-03-01 18:32:26.504929,33.55
167,253,2025-10-05 13:37:25.082639,25.17
168,244,2025-03-21 23:57:34.807571,65.07
169,454,2025-05-29 06:22:17.079247,237.74
170,368,2025-05-29 00:40:10.664430,117.38
171,444,2025-02-05 21:18:30.597847,213.06
172,261,2025-05-03 00:22:13.677773,34.98
173,3,2025-09-11 16:33:06.588319,273.14
174,466,2025-02-14 16:13:12.779559,157.43
175,308,2025-06-27 06:30:15.448187,80.61
176,128,2025-09-30 09:20:28.490643,167.53
177,264,2025-03-08 23:07:11.037477,202.37
178,83,2025-05-30 12:22:27.645915,214.31
179,298,2025-10-25 13:26:52.062285,271.93
180,355,2025-11-19 16:04:19.507667,149.99
181,285,2025-08-29 08:09:17.522993,174.68
182,270,2025-10-04 06:38:03.939167,269.93
183,284,2025-10-14 15:58:21.331855,156.77
184,90,2025-03-15 01:32:28.513839,164.05
185,146,2025-06-30 03:50:18.527528,108.22
186,162,2025-04-15 13:39:00.215256,240.04
187,486,2025-02-23 15:54:54.487926,224.63
188,245,2025-04-16 09:54:37.803511,268.8
189,460,2025-09-18 11:24:58.715584,20.21
190,187,2025-07-03 13:43:09.889681,56.86
191,426,2025-01-28 15:43:52.901628,276.43
192,221,2025-06-03 12:31:01.398137,178.15
193,185,2025-09-28 08:32:19.887112,284.61
194,150,2025-03-17 23:51:37.723545,180.51
195,322,2025-10-27 05:46:03.781729,147.46
196,22,2025-01-10 07:23:08.249253,163.53
197,488,2025-10-20 14:50:26.175688,239.92
198,14,2025-07-11 17:27:12.790080,139.11
199,147,2025-04-10 22:26:21.979258,253.21
200,145,2025-08-23 11:04:56.357865,279.05
201,196,2025-10-07 17:53:57.721063,139.2
202,436,2025-04-28 22:56:39.169931,295.29
203,9,2025-06-21 09:42:19.152735,43.56
204,284,2025-05-13 17:19:28.556626,209.09
205,447,2025-04-10 17:50:29.240242,188.25
206,407,2025-02-01 19:57:32.936582,56.86
207,328,2025-01-04 19:04:58.832018,34.48
208,55,2025-01-19 02:22:53.284942,135.43
209,55,2025-06-13 05:24:46.704600,224.48
210,339,2025-03-13 20:15:42.552047,149.34
211,12,2025-09-07 23:41:59.103393,110.39
212,316,2025-03-14 16:21:23.672464,169.03
213,34,2025-09-17 10:04:09.281718,135.37
214,212,2025-02-13 13:12:58.860236,191.01
215,219,2025-08-04 12:40:13.262995,166.81
216,386,2025-06-11 09:05:28.492478,151.3
217,340,2025-06-26 16:52:32.586488,108.47
218,403,2025-11-03 06:29:58.247719,177.74
219,267,2025-08-18 17:18:24.326809,296.24
220,72,2025-06-04 21:53:40.671993,39.22
221,269,2025-04-01 01:01:42.027616,279.03
222,284,2025-10-18 15:19:48.776607,218.02
223,79,2025-05-09 13:14:23.366036,71.72
224,102,2025-12-04 08:22:03.256779,43.76
225,167,2025-07-31 14:43:20.739873,87.39
226,95,2025-05-01 18:19:06.935268,113.31
227,445,2025-09-01 01:10:32.423939,253.05
228,447,2025-09-10 13:41:53.666902,65.16
229,45,2025-11-27 01:13:31.688420,92.74
230,197,2025-06-14 04:46:25.671339,160.34
231,229,2025-08-10 13:45:03.112154,76.41
232,473,2025-06-07 07:17:08.541993,145.75
233,223,2025-10-02 16:11:10.117977,216.27
234,304,2025-05-22 15:47:09.318453,183.63
235,161,2025-04-17 17:49:08.300853,129.17
236,188,2025-01-29 20:48:50.126552,150.01
237,487,2025-10-09 03:16:46.995570,179.44
238,296,2025-08-31 15:04:56.136225,49.04
239,414,2025-08-30 03:44:48.360054,165.89
240,352,2025-12-02 17:04:39.959319,80.97
241,371,2025-03-17 06:52:02.999496,203.42
242,442,2025-04-19 12:41:30.758940,140.82
243,374,2025-10-07 05:13:28.460080,30.93
244,387,2025-03-15 10:41:04.956537,96.91
245,365,2025-08-27 12:29:01.120690,199.23
246,252,2025-10-16 19:23:56.786718,87.58
247,393,2025-05-08 22:36:50.508970,82.13
248,434,2025-11-01 22:55:35.871148,102.04
249,383,2025-01-17 19:05:09.447284,34.37
250,318,2025-01-07 08:27:35.743749,163.84
251,178,2025-05-28 15:36:40.965213,294.77
252,463,2025-03-04 12:38:58.764863,151.91
253,234,2025-07-17 09:52:57.321422,34.79
254,12,2025-07-04 06:48:52.289474,243.02
255,282,2025-11-10 06:17:35.433073,53.13
256,369,2025-04-02 21:23:24.350205,222.27
257,464,2025-11-06 01:26:27.000590,266.88
258,58,2025-02-10 22:55:26.723553,222.04
259,186,2025-03-06 00:58:09.851829,241.6
260,245,2025-12-01 04:01:49.767711,82.4
261,218,2025-01-13 23:43:34.526632,247.15
262,405,2025-03-30 00:52:51.255794,105.49
263,160,2025-08-26 20:58:19.910398,218.13
264,300,2025-04-17 14:43:12.874669,236.65
265,27,2025-06-26 22:44:04.110960,198.34
266,357,2025-07-20 23:22:29.760000,224.63
267,263,2025-03-10 22:25:48.723692,276.61
268,208,2025-10-16 20:57:14.067720,136.09
269,161,2025-03-02 12:50:43.545595,196.99
270,176,2025-06-22 18:49:00.868174,239.4
271,320,2025-01-06 16:24:08.969754,189.67
272,25,2025-03-08 14:52:46.866086,286.68
273,331,2025-08-04 22:58:51.969831,243.65
274,426,2025-08-31 11:15:06.018067,169.18
275,456,2025-09-17 14:14:03.749376,54.35
276,295,2025-04-18 02:26:19.390665,177.94
277,382,2025-06-05 15:13:21.213495,199.04
278,500,2025-04-19 02:08:13.763349,98.68
279,149,2025-08-21 15:28:19.208769,233.98
280,244,2025-02-09 14:40:57.494091,34.72
281,426,2025-03-31 22:52:25.842361,34.06
282,103,2025-02-18 22:49:25.956165,294.78
283,48,2025-08-28 14:14:08.310895,246.28
284,473,2025-03-21 10:49:17.904485,267.99
285,363,2025-08-17 19:50:15.401104,70.06
286,55,2025-04-11 18:59:02.951391,218.81
287,215,2025-05-21 19:59:09.500479,136.44
288,480,2025-02-04 08:10:51.396923,207.97
289,452,2025-05-01 09:51:35.624985,207.05
290,433,2025-02-10 10:48:49.006470,290.12
291,209,2025-06-16 00:01:11.101762,50.78
292,49,2025-10-06 00:55:30.939663,238.7
293,16,2025-10-30 20:47:53.668844,247.13
294,221,2025-11-05 06:00:23.342283,61.58
295,201,2025-02-26 11:16:44.033711,179.17
296,69,2025-09-29 11:34:10.658570,274.78
297,282,2025-05-19 22:09:26.015687,68.73
298,118,2025-05-20 10:58:06.627145,64.42
299,146,2025-11-06 22:51:42.319929,131.59
300,340,2025-04-11 16:03:34.441843,291.87
301,294,2025-01-13 18:30:31.162667,152.08
302,473,2025-08-02 23:07:38.707882,225.68
303,251,2025-06-28 14:33:43.820314,43.4
304,395,2025-10-19 19:44:12.373337,137.49
305,255,2025-08-22 07:09:40.647408,268.49
306,411,2025-03-27 19:53:35.026845,37.57
307,335,2025-12-03 04:29:02.065813,20.59
308,306,2025-01-05 07:16:17.437794,72.2
309,93,2025-09-29 13:13:56.542872,89.61
310,496,2025-10-09 19:04:14.276402,281.4
311,495,2025-04-23 23:16:01.400650,230.29
312,462,2025-03-14 21:34:13.209466,51.05
313,387,2025-03-08 09:19:33.056535,270.13
314,123,2025-10-24 06:14:26.512127,128.01
315,113,2025-11-24 16:19:45.252935,96.57
316,62,2025-04-18 00:16:19.727466,23.4
317,92,2025-03-13 01:21:17.231392,128.47
318,36,2025-11-27 18:25:35.709070,195.47
319,242,2025-06-21 12:11:22.881464,155.99
320,274,2025-10-30 00:13:12.229879,110.78
321,324,2025-10-10 00:12:32.500206,89.79
322,80,2025-01-14 15:08:53.779499,280.32
323,358,2025-09-28 02:33:00.832326,263.94
324,97,2025-04-19 03:07:40.954250,154.56
325,164,2025-08-08 18:30:37.189479,214.51
326,414,2025-04-13 11:00:33.417629,60.61
327,89,2025-02-06 05:56:43.562861,221.52
328,126,2025-02-02 01:29:35.346586,238.92
329,60,2025-08-10 21:14:38.069382,297.78
330,419,2025-11-29 15:58:23.800504,106.28
331,16,2025-09-15 18:08:25.191995,270.96
332,312,2025-07-26 21:12:24.490851,133.51
333,328,2025-03-23 11:45:07.707921,109.7
334,316,2025-04-06 18:58:36.128418,161.73
335,425,2025-08-16 17:24:26.317318,83.9
336,406,2025-08-03 06:53:08.393439,176.37
337,282,2025-09-04 22:05:38.752434,56.51
338,242,2025-01-26 20:53:20.434276,67.23
339,252,2025-12-01 05:13:53.795923,33.71
340,334,2025-02-26 13:13:56.646908,46.15
341,126,2025-07-11 09:29:23.444980,204.27
342,305,2025-09-09 22:12:10.965600,102.38
343,427,2025-03-29 19:59:42.416309,49.94
344,469,2025-10-07 19:47:40.676275,213.24
345,489,2025-07-08 23:56:59.328408,130.84
346,466,2025-01-11 02:59:52.380025,95.08
347,366,2025-10-07 13:02:18.676578,24.02
348,34,2025-09-16 09:19:08.454045,98.67
349,27,2025-04-11 14:20:09.951137,59.42
350,341,2025-08-22 14:11:37.937920,72.57
351,498,2025-09-21 15:29:25.589442,283.6
352,476,2025-11-19 19:06:33.816725,188.53
353,2,2025-03-20 07:35:04.871180,98.15
354,3,2025-06-30 08:27:10.701893,212.49
355,245,2025-06-22 13:14:36.662663,214.11
356,272,2025-09-15 03:38:45.565385,121.07
357,63,2025-10-07 00:47:39.653177,276.36
358,374,2025-04-06 11:23:19.822999,25.97
359,41,2025-02-02 13:32:46.355425,165.82
360,62,2025-02-24 12:26:52.630635,165.36
361,20,2025-01-06 14:53:34.940210,280.33
362,453,2025-12-08 02:11:03.627050,199.31
363,431,2025-04-18 21:21:52.641902,250.18
364,290,2025-12-06 00:00:54.221514,240.94
365,438,2025-07-08 07:29:54.302999,145.69
366,316,2025-02-26 23:40:19.543578,121.52
367,208,2025-09-30 19:18:31.531630,147.1
368,4,2025-02-17 10:41:09.379621,264.14
369,253,2025-10-28 18:56:45.263419,199.16
370,343,2025-08-12 22:07:05.595267,298.51
371,36,2025-03-13 03:02:29.099380,179.09
372,109,2025-06-01 16:24:15.391384,90.44
373,430,2025-12-02 17:17:20.098072,161.1
374,465,2025-06-13 05:34:24.465806,75.77
375,474,2025-11-23 09:13:02.156091,159.06
376,97,2025-01-27 02:57:26.974842,92.85
377,392,2025-07-25 08:19:09.169225,199.24
378,387,2025-01-14 09:21:45.429478,24.52
379,218,2025-03-07 19:40:18.111664,66.52
380,350,2025-04-20 10:44:54.309394,164.81
381,13,2025-07-15 00:47:04.169342,186.09
382,295,2025-05-03 14:52:51.412721,74.41
383,302,2025-11-05 15:34:10.799349,114.91
384,262,2025-09-23 12:42:46.458595,296.95
385,290,2025-04-21 22:40:48.167752,106.85
386,121,2025-02-13 10:56:56.396912,133.45
387,428,2025-04-25 21:39:00.698345,258.34
388,495,2025-04-10 11:34:15.689309,182.32
389,202,2025-09-14 03:30:48.407105,64.08
390,345,2025-12-05 12:15:15.544270,263.83
391,77,2025-10-23 07:10:48.119625,284.24
392,253,2025-10-15 01:11:56.682211,283.66
393,240,2025-09-11 19:57:18.335597,122.24
394,434,2025-11-21 00:49:23.591042,164.98
395,465,2025-01-26 03:29:39.259770,28.74
396,258,2025-02-21 13:05:07.350860,233.46
397,394,2025-06-12 09:25:00.204133,268.22
398,308,2025-03-01 00:03:50.120079,123.8
399,286,2025-02-12 20:35:24.442103,82.61
400,183,2025-04-02 06:46:46.433382,24.28
401,373,2025-09-24 06:25:42.528212,268.46
402,193,2025-11-12 07:51:11.218061,295.63
403,440,2025-04-19 11:06:21.441686,251.17
404,398,2025-11-13 13:21:45.938101,225.47
405,392,2025-11-18 08:20:27.489661,246.7
406,450,2025-10-10 16:37:34.263049,250.43
407,454,2025-08-08 16:26:25.662332,51.6
408,251,2025-11-03 07:18:42.693550,101.63
409,259,2025-03-09 00:56:10.841535,275.42
410,10,2025-09-01 22:51:22.549184,236.29
411,152,2025-10-25 15:54:14.751649,156.27
412,183,2025-01-04 08:42:56.152634,288.72
413,94,2025-09-15 00:45:21.778632,298.73
414,234,2025-10-15 07:34:22.297577,246.0
415,461,2025-10-16 01:57:16.402992,174.09
416,148,2025-01-20 13:36:57.873066,26.73
417,107,2025-01-19 19:46:22.852697,209.3
418,480,2025-07-27 13:31:28.427000,137.41
419,86,2025-07-30 13:44:29.021246,242.69
420,32,2025-01-21 06:00:05.614167,48.62
421,324,2025-05-29 07:21:22.734887,46.89
422,196,2025-11-24 13:28:45.414585,100.64
423,44,2025-08-27 08:24:39.789531,277.08
424,23,2025-04-10 14:30:44.775202,103.34
425,286,2025-02-07 03:49:49.090494,60.33
426,68,2025-09-24 06:55:46.338973,250.68
427,233,2025-09-27 11:17:47.221666,247.54
428,44,2025-09-26 17:09:10.950754,54.86
429,248,2025-01-13 09:02:46.756750,40.95
430,138,2025-02-21 18:45:10.544833,284.24
431,404,2025-03-16 20:49:21.990443,264.69
432,88,2025-09-03 08:59:54.879174,194.09
433,449,2025-05-13 07:05:56.845401,233.33
434,483,2025-05-24 08:38:14.780619,122.23
435,171,2025-03-17 03:14:12.315737,198.2
436,156,2025-10-26 17:29:49.212813,215.15
437,435,2025-02-21 09:09:20.963987,217.25
438,191,2025-08-24 18:38:41.475190,266.62
439,152,2025-08-28 07:39:32.334922,135.46
440,164,2025-10-31 20:27:33.606384,193.32
441,130,2025-11-18 06:45:44.863287,59.56
442,337,2025-03-06 12:31:27.806759,150.49
443,441,2025-03-17 09:32:23.733150,205.58
444,189,2025-02-04 18:22:13.310041,156.59
445,432,2025-11-13 03:49:16.187318,31.02
446,123,2025-11-02 13:40:17.054484,269.25
447,478,2025-07-25 05:57:27.823699,226.07
448,6,2025-03-28 01:37:00.600108,151.47
449,73,2025-09-28 20:40:37.704111,170.54
450,405,2025-01-14 09:43:23.713056,103.48
451,106,2025-04-18 23:24:17.681209,255.55
452,397,2025-06-20 06:45:07.782521,175.26
453,342,2025-04-14 13:49:54.679366,280.33
454,234,2025-01-31 00:02:51.862388,136.06
455,185,2025-06-28 01:46:59.670364,166.85
456,308,2025-10-14 22:50:02.817046,150.44
457,106,2025-06-23 16:56:02.833689,117.26
458,249,2025-09-23 12:44:29.999066,236.45
459,122,2025-11-02 09:00:15.924661,68.22
460,203,2025-01-06 19:52:10.370206,263.42
461,339,2025-09-16 12:11:54.714898,119.67
462,235,2025-06-05 18:21:34.539549,42.79
463,208,2025-08-06 12:10:55.318999,42.12
464,290,2025-10-18 04:31:09.099308,185.51
465,173,2025-06-28 21:04:05.597210,267.12
466,371,2025-11-01 15:38:46.648826,127.41
467,305,2025-07-29 12:27:03.751852,291.15
468,292,2025-02-24 13:48:36.721021,123.38
469,252,2025-05-02 10:09:41.236461,168.48
470,218,2025-01-27 14:12:26.208739,86.85
471,71,2025-10-27 06:22:57.192417,140.27
472,486,2025-10-22 04:13:57.395551,68.62
473,6,2025-12-07 05:19:14.932062,192.93
474,343,2025-11-15 22:26:44.365719,100.76
475,329,2025-06-16 11:08:29.678068,160.36
476,344,2025-09-20 12:21:23.870533,237.23
477,193,2025-11-04 20:28:00.512641,48.7
478,43,2025-10-16 22:42:09.985628,276.63
479,360,2025-10-10 13:09:47.814465,62.1
480,203,2025-11-18 14:04:14.196167,73.02
481,183,2025-02-13 06:45:36.617611,105.95
482,234,2025-06-11 01:57:44.560200,21.07
483,69,2025-08-04 18:49:19.039791,104.44
484,189,2025-05-15 09:13:23.736232,161.41
485,85,2025-07-30 17:01:36.380645,234.56
486,335,2025-02-06 07:41:52.004412,295.13
487,146,2025-06-21 10:14:42.326754,110.5
488,30,2025-04-28 13:17:28.531424,201.37
489,299,2025-10-21 03:51:24.391969,25.5
490,413,2025-07-15 17:59:16.444620,49.11
491,6,2025-10-15 00:02:14.027480,166.0
492,490,2025-04-28 03:47:10.189941,127.38
493,471,2025-08-25 18:50:33.921909,37.85
494,145,2025-11-12 05:08:33.081791,188.07
495,146,2025-10-05 04:59:36.480625,269.26
496,130,2025-04-23 17:59:51.564708,83.25
497,164,2025-02-04 05:30:01.518057,165.37
498,482,2025-02-17 18:48:53.856719,211.41
499,406,2025-02-18 17:14:08.694273,264.52
500,460,2025-08-18 01:02:37.803867,22.04
501,392,2025-01-07 03:04:06.295552,89.28
502,191,2025-08-06 13:42:00.679561,286.35
503,247,2025-06-11 02:52:05.075321,290.28
504,52,2025-05-23 14:21:53.045290,171.87
505,300,2025-02-13 11:40:46.382876,114.71
506,415,2025-09-13 18:08:48.183323,43.69
507,403,2025-02-19 10:53:10.960198,278.07
508,42,2025-03-18 23:34:04.386589,27.37
509,53,2025-08-01 15:06:36.578258,47.37
510,477,2025-04-11 18:25:43.860581,294.52
511,267,2025-11-11 22:27:40.017006,56.03
512,251,2025-02-22 16:45:04.569000,89.08
513,434,2025-10-29 03:06:07.071297,72.35
514,351,2025-10-17 08:59:06.856509,151.33
515,183,2025-09-25 17:37:45.808918,110.59
516,443,2025-08-21 04:52:16.708232,228.04
517,92,2025-05-08 22:46:37.632252,90.88
518,208,2025-06-02 05:08:50.745901,260.19
519,327,2025-05-28 02:46:23.327756,145.79
520,296,2025-10-29 08:11:32.106644,218.75
521,186,2025-08-19 15:47:29.331710,174.56
522,347,2025-11-01 11:58:59.189976,248.67
523,20,2025-07-08 16:14:46.643938,125.04
524,289,2025-02-24 15:55:43.176713,88.17
525,126,2025-10-12 18:25:35.016154,258.89
526,17,2025-07-13 07:12:06.012836,83.72
527,63,2025-11-15 20:28:49.562469,40.15
528,46,2025-11-21 23:45:47.125294,293.54
529,166,2025-11-04 17:50:25.197864,40.33
530,110,2025-08-04 01:20:30.155015,299.6
531,23,2025-11-27 10:21:33.742630,122.4
532,390,2025-02-27 23:19:43.674472,61.28
533,478,2025-06-04 10:27:56.743635,179.58
534,393,2025-01-24 05:22:11.387264,97.88
535,31,2025-03-10 02:43:02.984554,92.52
536,161,2025-12-01 10:22:39.996294,186.9
537,146,2025-06-05 20:43:23.166317,232.07
538,424,2025-02-27 06:14:59.813809,270.34
539,497,2025-07-21 16:03:19.295362,93.92
540,55,2025-10-18 06:41:08.811713,89.71
541,355,2025-08-12 22:26:54.067199,270.76
542,82,2025-08-10 05:54:47.949895,92.89
543,409,2025-02-03 11:36:03.393092,230.52
544,341,2025-01-09 17:32:41.161632,252.37
545,376,2025-01-06 15:04:02.864726,212.53
546,407,2025-11-06 09:08:50.074682,94.25
547,353,2025-11-11 11:22:52.416713,129.34
548,361,2025-10-02 11:50:51.583383,191.87
549,193,2025-11-17 02:50:55.692187,115.7
550,317,2025-04-05 03:08:44.146405,147.06
551,417,2025-12-10 09:43:26.351637,271.36
552,461,2025-03-14 19:56:59.282250,94.43
553,221,2025-08-31 00:25:44.554345,112.6
554,140,2025-06-02 23:03:45.518807,39.03
555,379,2025-05-07 15:36:04.591725,288.45
556,275,2025-01-27 03:24:12.785944,192.17
557,388,2025-10-08 18:34:01.927530,221.83
558,347,2025-10-09 22:31:37.791058,37.23
559,92,2025-10-08 06:49:08.446791,65.47
560,241,2025-03-22 12:46:22.216001,34.26
561,402,2025-08-09 10:07:10.341753,179.57
562,348,2025-02-11 01:38:16.626708,253.4
563,388,2025-03-20 23:00:58.849315,58.91
564,123,2025-08-19 14:07:50.145388,120.54
565,17,2025-08-06 16:29:38.993050,176.61
566,37,2025-08-19 22:15:11.319171,246.57
567,177,2025-08-08 15:26:54.143476,57.94
568,123,2025-05-17 16:38:35.783810,67.44
569,167,2025-12-09 03:25:44.158079,95.45
570,280,2025-08-13 02:25:57.334860,37.55
571,342,2025-08-08 04:59:01.605359,249.26
572,48,2025-04-14 02:32:44.135293,174.7
573,158,2025-05-16 00:37:33.195612,136.61
574,445,2025-03-09 18:00:57.972612,283.72
575,27,2025-09-22 23:35:17.579109,164.99
576,390,2025-06-27 15:19:49.875177,157.02
577,182,2025-04-06 17:28:15.282037,63.54
578,418,2025-08-03 11:50:24.100396,245.37
579,360,2025-02-11 20:45:31.115579,244.02
580,248,2025-01-05 20:43:12.898095,125.3
581,71,2025-05-12 12:24:14.882156,193.54
582,316,2025-09-08 15:07:54.661836,94.97
583,379,2025-01-02 05:20:23.484487,225.6
584,334,2025-07-18 18:50:04.250060,106.13
585,288,2025-11-03 13:08:51.657665,130.42
586,108,2025-06-15 11:37:39.805951,187.13
587,8,2025-10-08 00:50:58.023443,121.75
588,110,2025-02-03 16:50:58.049027,73.89
589,165,2025-08-08 14:41:41.564312,250.8
590,37,2025-10-28 11:32:03.417372,104.52
591,392,2025-03-07 21:49:07.098911,286.04
592,269,2025-11-12 01:59:44.799484,209.07
593,444,2025-08-27 20:55:59.067623,134.08
594,410,2025-03-31 04:28:22.744170,174.69
595,259,2025-01-01 07:53:47.458349,243.28
596,276,2025-02-19 00:17:39.805776,51.52
597,81,2025-05-07 02:09:35.119513,254.04
598,214,2025-05-30 07:30:38.773924,272.59
599,155,2025-06-05 12:04:41.175454,162.03
600,153,2025-06-22 21:23:27.012064,108.21
601,393,2025-11-27 19:16:40.115245,43.18
602,363,2025-10-01 10:39:09.324430,238.02
603,37,2025-03-11 21:05:56.692449,125.1
604,90,2025-08-16 14:58:02.767148,133.76
605,220,2025-01-11 00:38:54.101507,141.28
606,368,2025-01-12 05:59:58.880679,212.8
607,151,2025-08-08 09:57:05.287200,24.55
608,394,2025-09-01 15:15:14.525556,45.51
609,249,2025-07-03 09:10:02.302465,55.67
610,380,2025-07-23 00:48:33.328734,234.21
611,264,2025-06-13 11:04:28.850078,50.47
612,327,2025-11-28 13:24:07.806718,179.14
613,105,2025-02-18 13:53:19.828520,88.54
614,164,2025-06-21 16:25:12.675081,145.79
615,467,2025-10-07 00:42:38.250433,83.7
616,254,2025-06-26 17:43:56.004027,276.55
617,124,2025-03-24 04:08:27.547214,39.77
618,214,2025-11-09 09:30:07.509071,201.14
619,447,2025-10-06 00:00:34.785213,252.99
620,145,2025-09-18 14:38:06.041411,91.02
621,296,2025-11-20 09:07:27.493987,267.05
622,293,2025-04-20 16:47:55.995376,35.71
623,438,2025-01-03 16:02:11.012514,192.29
624,415,2025-11-27 19:54:28.125659,33.34
625,118,2025-10-08 11:27:42.689459,215.13
626,382,2025-08-26 14:34:47.990066,277.84
627,381,2025-06-02 01:47:13.591709,180.78
628,68,2025-05-22 18:12:33.618673,235.94
629,6,2025-01-02 08:30:02.363283,179.35
630,99,2025-12-04 03:57:49.020020,73.43
631,21,2025-07-29 04:41:20.701204,66.52
632,167,2025-12-06 00:43:38.259282,28.68
633,44,2025-09-10 13:24:59.453180,241.77
634,413,2025-08-21 23:00:01.724688,226.92
635,453,2025-09-07 15:52:52.905699,237.89
636,7,2025-05-12 10:40:19.992125,36.6
637,1,2025-08-12 06:39:32.288653,123.59
638,337,2025-09-07 14:58:14.245663,145.87
639,479,2025-05-22 22:18:53.460218,266.97
640,255,2025-09-27 19:15:03.715923,254.02
641,479,2025-03-01 22:32:52.551550,55.51
642,29,2025-03-02 04:46:34.951370,106.91
643,456,2025-10-17 17:39:00.659066,75.03
644,327,2025-02-15 12:56:46.284697,233.01
645,365,2025-03-06 14:40:34.724633,225.13
646,266,2025-10-01 08:19:26.847996,235.48
647,331,2025-07-10 19:30:23.136838,266.47
648,278,2025-08-24 09:33:18.124463,92.21
649,225,2025-01-04 20:55:31.934829,37.24
650,191,2025-09-24 15:14:32.940947,76.41
651,489,2025-02-05 08:58:06.504496,99.27
652,341,2025-07-28 00:03:11.774867,204.74
653,171,2025-11-16 21:56:46.408086,222.34
654,44,2025-02-09 11:09:50.949972,208.8
655,157,2025-04-16 13:22:30.104659,201.57
656,199,2025-10-20 10:51:27.282200,221.63
657,25,2025-07-03 08:39:35.688136,42.65
658,169,2025-09-23 20:16:33.014688,284.56
659,96,2025-04-14 03:41:13.676710,99.92
660,455,2025-10-15 06:34:37.776947,27.3
661,462,2025-08-26 10:15:00.567698,287.25
662,268,2025-02-14 15:42:10.291001,140.1
663,322,2025-09-11 08:08:29.030145,283.83
664,101,2025-01-15 16:55:32.936495,231.71
665,373,2025-01-24 00:59:53.459736,225.1
666,328,2025-08-12 07:03:40.930374,29.81
667,11,2025-05-29 14:31:44.617526,49.12
668,379,2025-11-30 08:30:50.858733,228.94
669,268,2025-02-17 07:24:04.954701,160.1
670,140,2025-04-14 06:01:21.626705,101.84
671,467,2025-08-03 17:19:19.726270,53.1
672,422,2025-06-22 21:10:27.336154,252.45
673,360,2025-10-08 04:02:16.292010,231.57
674,419,2025-12-06 22:59:38.085998,155.88
675,377,2025-11-29 23:52:31.524202,242.62
676,246,2025-02-18 09:20:33.280235,192.18
677,179,2025-06-26 02:22:59.714958,121.41
678,96,2025-05-22 07:51:21.530689,68.32
679,109,2025-02-12 16:46:30.130729,79.86
680,158,2025-09-25 12:13:57.119449,183.84
681,22,2025-09-07 04:25:22.294331,274.26
682,168,2025-09-19 15:01:26.014070,182.1
683,35,2025-08-12 21:05:19.396993,278.89
684,271,2025-10-30 15:53:38.039179,72.72
685,264,2025-06-15 22:21:22.746199,52.17
686,207,2025-06-07 17:13:00.779493,198.7
687,480,2025-03-21 04:10:23.333121,244.25
688,1,2025-06-17 23:04:40.598763,91.96
689,387,2025-12-07 17:32:13.641262,292.88
690,303,2025-03-28 11:09:12.238033,34.04
691,78,2025-02-28 21:20:27.353930,227.44
692,53,2025-10-28 01:23:42.904039,194.26
693,40,2025-07-10 02:57:56.748744,118.34
694,305,2025-02-27 14:48:14.256299,96.47
695,215,2025-06-21 10:18:05.496859,103.64
696,255,2025-01-22 00:35:11.664971,166.08
697,72,2025-10-05 04:11:48.687065,139.01
698,11,2025-03-14 23:29:12.624460,151.7
699,266,2025-01-15 22:55:41.715783,227.54
700,156,2025-08-25 11:21:31.120385,278.26
701,399,2025-03-01 17:06:29.335771,67.55
702,61,2025-05-02 15:45:55.021617,109.89
703,310,2025-04-14 09:33:14.190850,71.2
704,418,2025-03-30 11:05:29.371073,178.39
705,374,2025-05-30 00:13:11.298207,147.11
706,13,2025-06-17 09:29:00.902971,51.95
707,54,2025-10-30 10:35:16.987747,110.5
708,186,2025-05-13 18:36:28.757359,120.35
709,32,2025-08-29 03:18:04.681798,244.84
710,197,2025-09-13 18:20:17.853894,169.91
711,405,2025-08-14 02:47:09.855388,291.33
712,233,2025-02-01 05:31:45.492875,204.2
713,39,2025-06-02 01:35:23.213121,203.4
714,113,2025-11-21 13:45:28.445233,74.42
715,98,2025-10-10 17:06:52.516001,206.66
716,305,2025-08-11 05:20:19.933259,55.01
717,57,2025-07-03 20:42:51.271084,26.86
718,143,2025-05-06 11:35:13.500377,44.12
719,263,2025-01-20 03:08:11.615230,256.49
720,495,2025-07-29 14:33:27.865182,68.85
721,12,2025-11-24 04:32:33.949792,71.23
722,396,2025-04-10 14:43:45.591223,93.45
723,11,2025-04-05 06:57:56.431560,175.22
724,98,2025-10-10 14:32:12.341222,77.29
725,257,2025-08-03 00:43:58.969974,263.31
726,426,2025-02-07 08:10:42.190964,293.0
727,317,2025-06-22 15:37:07.209027,223.54
728,166,2025-01-06 15:36:11.048859,128.52
729,181,2025-10-24 03:52:27.840223,169.88
730,186,2025-06-27 16:04:28.949658,110.67
731,68,2025-06-22 20:30:47.672251,58.25
732,215,2025-04-06 07:38:09.986753,207.52
733,246,2025-04-17 20:26:15.926603,100.91
734,415,2025-02-23 10:05:06.568680,225.4
735,58,2025-11-07 05:02:19.180189,44.68
736,425,2025-08-30 03:22:24.172454,136.5
737,317,2025-01-15 20:34:29.574506,80.98
738,114,2025-07-01 00:57:53.471180,265.51
739,441,2025-11-10 14:41:14.919958,187.01
740,256,2025-06-26 14:21:20.323413,103.61
741,126,2025-01-24 07:09:10.817804,274.91
742,402,2025-04-12 19:24:39.082904,291.36
743,254,2025-03-12 03:57:39.509420,275.55
744,384,2025-05-14 08:35:53.921989,155.02
745,230,2025-04-24 20:49:42.590973,238.16
746,132,2025-03-09 00:20:54.686005,193.91
747,212,2025-05-14 02:24:04.540500,259.61
748,362,2025-11-19 20:54:42.623701,191.41
749,229,2025-07-26 17:29:54.542458,25.33
750,342,2025-06-24 10:36:34.041813,119.97
751,222,2025-11-04 08:38:21.819663,123.05
752,13,2025-07-12 06:04:38.183012,218.08
753,304,2025-01-29 12:51:55.072648,97.49
754,417,2025-01-27 08:22:57.888579,183.19
755,209,2025-08-24 03:52:06.152417,279.31
756,44,2025-05-25 16:32:50.480891,78.62
757,312,2025-02-27 14:47:00.036892,214.52
758,186,2025-06-06 18:59:13.052088,185.94
759,65,2025-11-21 03:52:58.391177,45.76
760,326,2025-04-28 12:48:02.252875,79.39
761,3,2025-06-09 12:09:11.966670,290.35
762,404,2025-04-29 11:46:42.374056,204.78
763,415,2025-04-12 21:43:48.528219,111.99
764,256,2025-02-23 13:42:00.327372,130.33
765,284,2025-07-19 12:29:57.492201,123.33
766,215,2025-03-24 23:24:25.880351,67.82
767,53,2025-10-25 09:50:14.629549,97.08
768,309,2025-03-31 08:01:40.621951,271.5
769,186,2025-04-14 15:23:05.667212,181.64
770,424,2025-05-23 22:42:21.632185,283.97
771,47,2025-02-04 23:31:02.665000,44.17
772,258,2025-02-19 22:55:22.143668,291.59
773,475,2025-01-23 11:29:35.112834,250.87
774,385,2025-06-26 07:26:52.265385,85.76
775,43,2025-04-02 00:09:02.831838,104.09
776,166,2025-08-20 19:39:28.932859,270.37
777,264,2025-05-14 15:32:40.094858,210.64
778,29,2025-10-16 03:49:09.026165,249.53
779,396,2025-09-19 09:35:48.298853,167.12
780,186,2025-09-13 01:21:22.726404,228.06
781,50,2025-04-12 17:16:47.244649,70.1
782,133,2025-04-23 22:15:38.685840,289.68
783,98,2025-05-02 10:22:19.079473,279.03
784,60,2025-08-08 10:40:58.686895,185.82
785,304,2025-06-06 07:15:54.735814,139.66
786,51,2025-06-23 04:06:41.663872,158.55
787,176,2025-07-06 23:53:23.917365,162.09
788,265,2025-05-22 12:36:17.753447,124.51
789,162,2025-07-21 23:54:08.363011,134.61
790,64,2025-11-26 18:41:42.771732,88.15
791,249,2025-04-30 14:12:03.579568,186.67
792,410,2025-04-11 10:09:23.526982,252.33
793,379,2025-06-29 06:55:40.369759,258.02
794,305,2025-05-02 00:58:04.171321,128.01
795,114,2025-01-23 19:18:31.697912,176.59
796,90,2025-08-05 11:11:13.226638,236.63
797,306,2025-06-02 00:27:16.236417,223.6
798,192,2025-06-27 02:29:15.644369,158.39
799,89,2025-03-03 14:42:56.597677,193.37
800,38,2025-02-17 09:04:34.106492,256.21
